Workbook

Sheet 📋 Dziennik
A1: 📊 DZIENNIK TRADERA
A2: ID / DATA | D2: INSTRUMENT | G2: SETUP | H2: CENY | L2: ZARZĄDZANIE RYZYKIEM | O2: WYNIK | R2: PSYCHOLOGIA
A3: Nr | B3: Data | C3: Godz. | D3: Instrument | E3: Kier. | F3: TF | G3: Setup | H3: Entry | I3: Stop Loss | J3: Take Profit | K3: Exit | L3: Rozmiar | M3: Ryzyko% | N3: R:R plan | O3: R:R real | P3: Wynik R | Q3: Wynik $ | R3: Plan? | S3: Emocje | T3: Uwagi
A4: ==ROW()-3 | N4: ==IFERROR(IF(J4<>"",ABS((J4-H4)/(H4-I4)),"-"),"-") | O4: ==IFERROR(IF(K4<>"",ABS((K4-H4)/(H4-I4)),"-"),"-") | P4: ==IFERROR(IF(K4<>"",IF(E4="LONG",(K4-H4)/(H4-I4),(H4-K4)/(I4-H4)),"-"),"-")
A5: ==ROW()-3 | N5: ==IFERROR(IF(J5<>"",ABS((J5-H5)/(H5-I5)),"-"),"-") | O5: ==IFERROR(IF(K5<>"",ABS((K5-H5)/(H5-I5)),"-"),"-") | P5: ==IFERROR(IF(K5<>"",IF(E5="LONG",(K5-H5)/(H5-I5),(H5-K5)/(I5-H5)),"-"),"-")
A6: ==ROW()-3 | N6: ==IFERROR(IF(J6<>"",ABS((J6-H6)/(H6-I6)),"-"),"-") | O6: ==IFERROR(IF(K6<>"",ABS((K6-H6)/(H6-I6)),"-"),"-") | P6: ==IFERROR(IF(K6<>"",IF(E6="LONG",(K6-H6)/(H6-I6),(H6-K6)/(I6-H6)),"-"),"-")
A7: ==ROW()-3 | N7: ==IFERROR(IF(J7<>"",ABS((J7-H7)/(H7-I7)),"-"),"-") | O7: ==IFERROR(IF(K7<>"",ABS((K7-H7)/(H7-I7)),"-"),"-") | P7: ==IFERROR(IF(K7<>"",IF(E7="LONG",(K7-H7)/(H7-I7),(H7-K7)/(I7-H7)),"-"),"-")
A8: ==ROW()-3 | N8: ==IFERROR(IF(J8<>"",ABS((J8-H8)/(H8-I8)),"-"),"-") | O8: ==IFERROR(IF(K8<>"",ABS((K8-H8)/(H8-I8)),"-"),"-") | P8: ==IFERROR(IF(K8<>"",IF(E8="LONG",(K8-H8)/(H8-I8),(H8-K8)/(I8-H8)),"-"),"-")
A9: ==ROW()-3 | N9: ==IFERROR(IF(J9<>"",ABS((J9-H9)/(H9-I9)),"-"),"-") | O9: ==IFERROR(IF(K9<>"",ABS((K9-H9)/(H9-I9)),"-"),"-") | P9: ==IFERROR(IF(K9<>"",IF(E9="LONG",(K9-H9)/(H9-I9),(H9-K9)/(I9-H9)),"-"),"-")
A10: ==ROW()-3 | N10: ==IFERROR(IF(J10<>"",ABS((J10-H10)/(H10-I10)),"-"),"-") | O10: ==IFERROR(IF(K10<>"",ABS((K10-H10)/(H10-I10)),"-"),"-") | P10: ==IFERROR(IF(K10<>"",IF(E10="LONG",(K10-H10)/(H10-I10),(H10-K10)/(I10-H10)),"-"),"-")
A11: ==ROW()-3 | N11: ==IFERROR(IF(J11<>"",ABS((J11-H11)/(H11-I11)),"-"),"-") | O11: ==IFERROR(IF(K11<>"",ABS((K11-H11)/(H11-I11)),"-"),"-") | P11: ==IFERROR(IF(K11<>"",IF(E11="LONG",(K11-H11)/(H11-I11),(H11-K11)/(I11-H11)),"-"),"-")
A12: ==ROW()-3 | N12: ==IFERROR(IF(J12<>"",ABS((J12-H12)/(H12-I12)),"-"),"-") | O12: ==IFERROR(IF(K12<>"",ABS((K12-H12)/(H12-I12)),"-"),"-") | P12: ==IFERROR(IF(K12<>"",IF(E12="LONG",(K12-H12)/(H12-I12),(H12-K12)/(I12-H12)),"-"),"-")
A13: ==ROW()-3 | N13: ==IFERROR(IF(J13<>"",ABS((J13-H13)/(H13-I13)),"-"),"-") | O13: ==IFERROR(IF(K13<>"",ABS((K13-H13)/(H13-I13)),"-"),"-") | P13: ==IFERROR(IF(K13<>"",IF(E13="LONG",(K13-H13)/(H13-I13),(H13-K13)/(I13-H13)),"-"),"-")
A14: ==ROW()-3 | N14: ==IFERROR(IF(J14<>"",ABS((J14-H14)/(H14-I14)),"-"),"-") | O14: ==IFERROR(IF(K14<>"",ABS((K14-H14)/(H14-I14)),"-"),"-") | P14: ==IFERROR(IF(K14<>"",IF(E14="LONG",(K14-H14)/(H14-I14),(H14-K14)/(I14-H14)),"-"),"-")
A15: ==ROW()-3 | N15: ==IFERROR(IF(J15<>"",ABS((J15-H15)/(H15-I15)),"-"),"-") | O15: ==IFERROR(IF(K15<>"",ABS((K15-H15)/(H15-I15)),"-"),"-") | P15: ==IFERROR(IF(K15<>"",IF(E15="LONG",(K15-H15)/(H15-I15),(H15-K15)/(I15-H15)),"-"),"-")
... A53: ==ROW()-3 | N53: ==IFERROR(IF(J53<>"",ABS((J53-H53)/(H53-I53)),"-"),"-") | O53: ==IFERROR(IF(K53<>"",ABS((K53-H53)/(H53-I53)),"-"),"-") | P53: ==IFERROR(IF(K53<>"",IF(E53="LONG",(K53-H53)/(H53-I53),(H53-K53)/(I53-H53)),"-"),"-")

Sheet 📈 Statystyki
A1: 📈 STATYSTYKI KONTA
A2: Metryka | B2: Wartość
A3: Liczba transakcji | B3: ==COUNTA('📋 Dziennik'!B4:B53)
A4: Transakcje LONG | B4: ==COUNTIF('📋 Dziennik'!E4:E53,"LONG")
A5: Transakcje SHORT | B5: ==COUNTIF('📋 Dziennik'!E4:E53,"SHORT")
A6: Zyskowne (R > 0) | B6: ==COUNTIF('📋 Dziennik'!P4:P53,">0")
A7: Stratne (R < 0) | B7: ==COUNTIF('📋 Dziennik'!P4:P53,"<0")
A8: Win Rate | B8: ==IFERROR(COUNTIF('📋 Dziennik'!P4:P53,">0")/COUNTA('📋 Dziennik'!B4:B53),0)
A9: Średni zysk (R) | B9: ==IFERROR(AVERAGEIF('📋 Dziennik'!P4:P53,">0",'📋 Dziennik'!P4:P53),0)
A10: Średnia strata (R) | B10: ==IFERROR(AVERAGEIF('📋 Dziennik'!P4:P53,"<0",'📋 Dziennik'!P4:P53),0)
A11: Expectancy (R) | B11: ==IFERROR((COUNTIF('📋 Dziennik'!P4:P53,">0")/COUNTA('📋 Dziennik'!B4:B53))*AVERAGEIF('📋 Dziennik'!P4:P53,">0",'📋 Dziennik'!P4:P53)+(COUNTIF('📋 Dziennik'!P4:P53,"<0")/COUNTA('📋 Dziennik'!B4:B53))*AVERAGEIF('📋 Dziennik'!P4:P53,"<0",'📋 Dziennik'!P4:P53),0)
A12: Łączny wynik (R) | B12: ==IFERROR(SUMIF('📋 Dziennik'!P4:P53,"<>-",'📋 Dziennik'!P4:P53),0)
A13: Łączny wynik ($) | B13: ==IFERROR(SUM('📋 Dziennik'!Q4:Q53),0)
A14: Najlepszy trade (R) | B14: ==IFERROR(MAX('📋 Dziennik'!P4:P53),0)
A15: Najgorszy trade (R) | B15: ==IFERROR(MIN('📋 Dziennik'!P4:P53),0)
A16: Plan respektowany (%) | B16: ==IFERROR(COUNTIF('📋 Dziennik'!R4:R53,"✅ Tak")/COUNTA('📋 Dziennik'!B4:B53),0)

Sheet 📅 Tygodnik
A1: 📅 PODSUMOWANIE TYGODNIOWE
A2: Tydzień | B2: Trades | C2: Win Rate | D2: Wynik R | E2: Wynik $ | F2: Plan OK% | G2: Wnioski i korekty

Sheet 📝 Setupy
A1: 📝 ANALIZA SETUPÓW
A2: Nazwa setupu | B2: Trades | C2: Wygrane | D2: Win Rate | E2: Avg R | F2: Expectancy | G2: Opis / zasady
A3: Breakout z konsolidacji | B3: ==COUNTIF('📋 Dziennik'!G4:G53,A3) | C3: ==COUNTIFS('📋 Dziennik'!G4:G53,A3,'📋 Dziennik'!P4:P53,">0") | D3: ==IFERROR(C3/B3,0) | E3: ==IFERROR(AVERAGEIFS('📋 Dziennik'!P4:P53,'📋 Dziennik'!G4:G53,A3),0) | F3: ==IFERROR(D3*E3+(1-D3)*AVERAGEIFS('📋 Dziennik'!P4:P53,'📋 Dziennik'!G4:G53,A3,'📋 Dziennik'!P4:P53,"<0"),0)
A4: Powrót do OB (Order Block) | B4: ==COUNTIF('📋 Dziennik'!G4:G53,A4) | C4: ==COUNTIFS('📋 Dziennik'!G4:G53,A4,'📋 Dziennik'!P4:P53,">0") | D4: ==IFERROR(C4/B4,0) | E4: ==IFERROR(AVERAGEIFS('📋 Dziennik'!P4:P53,'📋 Dziennik'!G4:G53,A4),0) | F4: ==IFERROR(D4*E4+(1-D4)*AVERAGEIFS('📋 Dziennik'!P4:P53,'📋 Dziennik'!G4:G53,A4,'📋 Dziennik'!P4:P53,"<0"),0)
A5: Odbicie od S/R | B5: ==COUNTIF('📋 Dziennik'!G4:G53,A5) | C5: ==COUNTIFS('📋 Dziennik'!G4:G53,A5,'📋 Dziennik'!P4:P53,">0") | D5: ==IFERROR(C5/B5,0) | E5: ==IFERROR(AVERAGEIFS('📋 Dziennik'!P4:P53,'📋 Dziennik'!G4:G53,A5),0) | F5: ==IFERROR(D5*E5+(1-D5)*AVERAGEIFS('📋 Dziennik'!P4:P53,'📋 Dziennik'!G4:G53,A5,'📋 Dziennik'!P4:P53,"<0"),0)
A6: FVG Fill | B6: ==COUNTIF('📋 Dziennik'!G4:G53,A6) | C6: ==COUNTIFS('📋 Dziennik'!G4:G53,A6,'📋 Dziennik'!P4:P53,">0") | D6: ==IFERROR(C6/B6,0) | E6: ==IFERROR(AVERAGEIFS('📋 Dziennik'!P4:P53,'📋 Dziennik'!G4:G53,A6),0) | F6: ==IFERROR(D6*E6+(1-D6)*AVERAGEIFS('📋 Dziennik'!P4:P53,'📋 Dziennik'!G4:G53,A6,'📋 Dziennik'!P4:P53,"<0"),0)
A7: Trend continuation | B7: ==COUNTIF('📋 Dziennik'!G4:G53,A7) | C7: ==COUNTIFS('📋 Dziennik'!G4:G53,A7,'📋 Dziennik'!P4:P53,">0") | D7: ==IFERROR(C7/B7,0) | E7: ==IFERROR(AVERAGEIFS('📋 Dziennik'!P4:P53,'📋 Dziennik'!G4:G53,A7),0) | F7: ==IFERROR(D7*E7+(1-D7)*AVERAGEIFS('📋 Dziennik'!P4:P53,'📋 Dziennik'!G4:G53,A7,'📋 Dziennik'!P4:P53,"<0"),0)
A8: Reversal na FRL | B8: ==COUNTIF('📋 Dziennik'!G4:G53,A8) | C8: ==COUNTIFS('📋 Dziennik'!G4:G53,A8,'📋 Dziennik'!P4:P53,">0") | D8: ==IFERROR(C8/B8,0) | E8: ==IFERROR(AVERAGEIFS('📋 Dziennik'!P4:P53,'📋 Dziennik'!G4:G53,A8),0) | F8: ==IFERROR(D8*E8+(1-D8)*AVERAGEIFS('📋 Dziennik'!P4:P53,'📋 Dziennik'!G4:G53,A8,'📋 Dziennik'!P4:P53,"<0"),0)
A9: Scalp na liquidity sweep | B9: ==COUNTIF('📋 Dziennik'!G4:G53,A9) | C9: ==COUNTIFS('📋 Dziennik'!G4:G53,A9,'📋 Dziennik'!P4:P53,">0") | D9: ==IFERROR(C9/B9,0) | E9: ==IFERROR(AVERAGEIFS('📋 Dziennik'!P4:P53,'📋 Dziennik'!G4:G53,A9),0) | F9: ==IFERROR(D9*E9+(1-D9)*AVERAGEIFS('📋 Dziennik'!P4:P53,'📋 Dziennik'!G4:G53,A9,'📋 Dziennik'!P4:P53,"<0"),0)
A10: Inne | B10: ==COUNTIF('📋 Dziennik'!G4:G53,A10) | C10: ==COUNTIFS('📋 Dziennik'!G4:G53,A10,'📋 Dziennik'!P4:P53,">0") | D10: ==IFERROR(C10/B10,0) | E10: ==IFERROR(AVERAGEIFS('📋 Dziennik'!P4:P53,'📋 Dziennik'!G4:G53,A10),0) | F10: ==IFERROR(D10*E10+(1-D10)*AVERAGEIFS('📋 Dziennik'!P4:P53,'📋 Dziennik'!G4:G53,A10,'📋 Dziennik'!P4:P53,"<0"),0)
